{
  "intents": [
    {
      "intent": "GetCardSet",
      "slots":[
        {
          "name": "CardStack",
          "type": "LIST_OF_STACKS"
        }
      ]
    },
    {
      "intent": "PickAnswer",
      "slots":[
          {
              "name": "Answer",
              "type": "LIST_OF_ANSWERS"
          }
      ]
    },
    {
      "intent": "AMAZON.HelpIntent"
    },
    {
      "intent": "AMAZON.StopIntent"
    },
    {
      "intent": "AMAZON.CancelIntent"
    }
  ]
}
